"label","hemi","map","value","rank","mapname"
"bankssts","left","AllometricScaling.PNC20mm",1.11599576473236,58,"Allometric Scaling"
"bankssts","left","BigBrain.Histology",0.112701445817947,49,"Externopyramidization"
"bankssts","left","CBF",67.00634765625,54,"Cerebral Blood Flow"
"bankssts","left","Cortical.Thickness",2.76094603538513,42,"Cortical Thickness"
"bankssts","left","PC1.AHBA",0.10757102817297,36,"Gene Expression"
"bankssts","left","PC1.Neurosynth",-0.00111302034929395,24,"Neurosynth"
"bankssts","left","PET.AG",-0.2596655189991,19,"Aerobic Glycosis"
"bankssts","left","T1T2ratio",1.33778071403503,46,"Anatomical Hierarchy"
"bankssts","left","SensorimotorAssociation_Axis",33621.5625,35,"Sensorimotor-Association Axis"
"bankssts","left","G1.fMRI_1",0.837970554828644,35,"Functional Hierarchy"
"bankssts","left","Evolution.Expansion",1.35968387126923,60,"Evolutionary Expansion"
"caudalmiddlefrontal","left","AllometricScaling.PNC20mm",1.17034423351288,67,"Allometric Scaling"
"caudalmiddlefrontal","left","BigBrain.Histology",0.118692420423031,50,"Externopyramidization"
"caudalmiddlefrontal","left","CBF",69.7216491699219,59,"Cerebral Blood Flow"
"caudalmiddlefrontal","left","Cortical.Thickness",2.73080205917358,39,"Cortical Thickness"
"caudalmiddlefrontal","left","PC1.AHBA",0.135710537433624,38,"Gene Expression"
"caudalmiddlefrontal","left","PC1.Neurosynth",-0.00011867569264723,33,"Neurosynth"
"caudalmiddlefrontal","left","PET.AG",0.660983920097351,68,"Aerobic Glycosis"
"caudalmiddlefrontal","left","T1T2ratio",1.2948579788208,35,"Anatomical Hierarchy"
"caudalmiddlefrontal","left","SensorimotorAssociation_Axis",48653.6171875,57,"Sensorimotor-Association Axis"
"caudalmiddlefrontal","left","G1.fMRI_1",4.7012095451355,61,"Functional Hierarchy"
"caudalmiddlefrontal","left","Evolution.Expansion",1.19641101360321,54,"Evolutionary Expansion"
"fusiform","left","AllometricScaling.PNC20mm",0.904782176017761,19,"Allometric Scaling"
"fusiform","left","BigBrain.Histology",-0.144627675414085,15,"Externopyramidization"
"fusiform","left","CBF",43.870246887207,8,"Cerebral Blood Flow"
"fusiform","left","Cortical.Thickness",2.87595653533936,51,"Cortical Thickness"
"fusiform","left","PC1.AHBA",-0.4079509973526,22,"Gene Expression"
"fusiform","left","PC1.Neurosynth",0.000683684949763119,52,"Neurosynth"
"fusiform","left","PET.AG",-0.367585867643356,13,"Aerobic Glycosis"
"fusiform","left","T1T2ratio",1.30153453350067,37,"Anatomical Hierarchy"
"fusiform","left","SensorimotorAssociation_Axis",24967.26953125,19,"Sensorimotor-Association Axis"
"fusiform","left","G1.fMRI_1",-1.84362399578094,22,"Functional Hierarchy"
"fusiform","left","Evolution.Expansion",-0.372310042381287,13,"Evolutionary Expansion"
"inferiorparietal","left","AllometricScaling.PNC20mm",1.03046643733978,49,"Allometric Scaling"
"inferiorparietal","left","BigBrain.Histology",0.07095105946064,46,"Externopyramidization"
"inferiorparietal","left","CBF",63.73779296875,45,"Cerebral Blood Flow"
"inferiorparietal","left","Cortical.Thickness",2.56925082206726,17,"Cortical Thickness"
"inferiorparietal","left","PC1.AHBA",0.483279317617416,43,"Gene Expression"
"inferiorparietal","left","PC1.Neurosynth",0.00102874299045652,55,"Neurosynth"
"inferiorparietal","left","PET.AG",0.171985909342766,51,"Aerobic Glycosis"
"inferiorparietal","left","T1T2ratio",1.30325794219971,38,"Anatomical Hierarchy"
"inferiorparietal","left","SensorimotorAssociation_Axis",35739.4921875,39,"Sensorimotor-Association Axis"
"inferiorparietal","left","G1.fMRI_1",3.29495048522949,51,"Functional Hierarchy"
"inferiorparietal","left","Evolution.Expansion",0.973194897174835,50,"Evolutionary Expansion"
"inferiortemporal","left","AllometricScaling.PNC20mm",0.95925635099411,31,"Allometric Scaling"
"inferiortemporal","left","BigBrain.Histology",-0.122691676020622,20,"Externopyramidization"
"inferiortemporal","left","CBF",40.9934387207031,6,"Cerebral Blood Flow"
"inferiortemporal","left","Cortical.Thickness",2.92209815979004,57,"Cortical Thickness"
"inferiortemporal","left","PC1.AHBA",-0.810505449771881,15,"Gene Expression"
"inferiortemporal","left","PC1.Neurosynth",0.000315391429467127,43,"Neurosynth"
"inferiortemporal","left","PET.AG",-0.0770685523748398,32,"Aerobic Glycosis"
"inferiortemporal","left","T1T2ratio",1.2204647064209,15,"Anatomical Hierarchy"
"inferiortemporal","left","SensorimotorAssociation_Axis",41897.48828125,47,"Sensorimotor-Association Axis"
"inferiortemporal","left","G1.fMRI_1",1.83524715900421,41,"Functional Hierarchy"
"inferiortemporal","left","Evolution.Expansion",1.29052901268005,58,"Evolutionary Expansion"
"lateraloccipital","left","AllometricScaling.PNC20mm",1.01069641113281,40,"Allometric Scaling"
"lateraloccipital","left","BigBrain.Histology",0.229354113340378,59,"Externopyramidization"
"lateraloccipital","left","CBF",60.055606842041,29,"Cerebral Blood Flow"
"lateraloccipital","left","Cortical.Thickness",2.27809929847717,9,"Cortical Thickness"
"lateraloccipital","left","PC1.AHBA",1.7236647605896,57,"Gene Expression"
"lateraloccipital","left","PC1.Neurosynth",-0.000380211014999077,28,"Neurosynth"
"lateraloccipital","left","PET.AG",-0.0900231748819351,28,"Aerobic Glycosis"
"lateraloccipital","left","T1T2ratio",1.46552670001984,58,"Anatomical Hierarchy"
"lateraloccipital","left","SensorimotorAssociation_Axis",11151.0693359375,12,"Sensorimotor-Association Axis"
"lateraloccipital","left","G1.fMRI_1",-3.13788771629333,17,"Functional Hierarchy"
"lateraloccipital","left","Evolution.Expansion",-0.773041546344757,10,"Evolutionary Expansion"
"lateralorbitofrontal","left","AllometricScaling.PNC20mm",0.885239005088806,16,"Allometric Scaling"
"lateralorbitofrontal","left","BigBrain.Histology",-0.100812450051308,22,"Externopyramidization"
"lateralorbitofrontal","left","CBF",66.8635406494141,53,"Cerebral Blood Flow"
"lateralorbitofrontal","left","Cortical.Thickness",2.84778571128845,48,"Cortical Thickness"
"lateralorbitofrontal","left","PC1.AHBA",-0.722716748714447,17,"Gene Expression"
"lateralorbitofrontal","left","PC1.Neurosynth",0.00128993717953563,60,"Neurosynth"
"lateralorbitofrontal","left","PET.AG",0.256281226873398,53,"Aerobic Glycosis"
"lateralorbitofrontal","left","T1T2ratio",1.23160207271576,22,"Anatomical Hierarchy"
"lateralorbitofrontal","left","SensorimotorAssociation_Axis",46117.546875,54,"Sensorimotor-Association Axis"
"lateralorbitofrontal","left","G1.fMRI_1",3.54081010818481,53,"Functional Hierarchy"
"lateralorbitofrontal","left","Evolution.Expansion",0.326287239789963,29,"Evolutionary Expansion"
"middletemporal","left","AllometricScaling.PNC20mm",1.13264882564545,60,"Allometric Scaling"
"middletemporal","left","BigBrain.Histology",-0.13435797393322,18,"Externopyramidization"
"middletemporal","left","CBF",63.3449592590332,42,"Cerebral Blood Flow"
"middletemporal","left","Cortical.Thickness",2.91451573371887,56,"Cortical Thickness"
"middletemporal","left","PC1.AHBA",-0.721767365932465,18,"Gene Expression"
"middletemporal","left","PC1.Neurosynth",0.00115455582272261,58,"Neurosynth"
"middletemporal","left","PET.AG",-0.117455817759037,24,"Aerobic Glycosis"
"middletemporal","left","T1T2ratio",1.23886895179749,24,"Anatomical Hierarchy"
"middletemporal","left","SensorimotorAssociation_Axis",50060.8359375,62,"Sensorimotor-Association Axis"
"middletemporal","left","G1.fMRI_1",4.51844453811646,59,"Functional Hierarchy"
"middletemporal","left","Evolution.Expansion",1.44065010547638,63,"Evolutionary Expansion"
"parsopercularis","left","AllometricScaling.PNC20mm",0.867986857891083,15,"Allometric Scaling"
"parsopercularis","left","BigBrain.Histology",0.0650821253657341,45,"Externopyramidization"
"parsopercularis","left","CBF",70.0371322631836,60,"Cerebral Blood Flow"
"parsopercularis","left","Cortical.Thickness",2.78931522369385,44,"Cortical Thickness"
"parsopercularis","left","PC1.AHBA",-0.265882521867752,28,"Gene Expression"
"parsopercularis","left","PC1.Neurosynth",-0.0016497221076861,20,"Neurosynth"
"parsopercularis","left","PET.AG",0.296873152256012,55,"Aerobic Glycosis"
"parsopercularis","left","T1T2ratio",1.269770860672,28,"Anatomical Hierarchy"
"parsopercularis","left","SensorimotorAssociation_Axis",38659.62109375,43,"Sensorimotor-Association Axis"
"parsopercularis","left","G1.fMRI_1",1.84377598762512,42,"Functional Hierarchy"
"parsopercularis","left","Evolution.Expansion",0.876416802406311,47,"Evolutionary Expansion"
"parsorbitalis","left","AllometricScaling.PNC20mm",1.01341819763184,42,"Allometric Scaling"
"parsorbitalis","left","BigBrain.Histology",-0.057311162352562,27,"Externopyramidization"
"parsorbitalis","left","CBF",73.5373916625977,66,"Cerebral Blood Flow"
"parsorbitalis","left","Cortical.Thickness",2.70833039283752,35,"Cortical Thickness"
"parsorbitalis","left","PC1.AHBA",-0.2499680519104,31,"Gene Expression"
"parsorbitalis","left","PC1.Neurosynth",0.00109190633520484,56,"Neurosynth"
"parsorbitalis","left","PET.AG",0.401073843240738,61,"Aerobic Glycosis"
"parsorbitalis","left","T1T2ratio",1.20921814441681,13,"Anatomical Hierarchy"
"parsorbitalis","left","SensorimotorAssociation_Axis",55111.5234375,67,"Sensorimotor-Association Axis"
"parsorbitalis","left","G1.fMRI_1",5.77825689315796,65,"Functional Hierarchy"
"parsorbitalis","left","Evolution.Expansion",1.49898946285248,65,"Evolutionary Expansion"
"parstriangularis","left","AllometricScaling.PNC20mm",1.0219349861145,45,"Allometric Scaling"
"parstriangularis","left","BigBrain.Histology",-0.0254942048341036,33,"Externopyramidization"
"parstriangularis","left","CBF",68.3478775024414,56,"Cerebral Blood Flow"
"parstriangularis","left","Cortical.Thickness",2.61077880859375,20,"Cortical Thickness"
"parstriangularis","left","PC1.AHBA",-0.0484161265194416,34,"Gene Expression"
"parstriangularis","left","PC1.Neurosynth",0.000398951000533998,46,"Neurosynth"
"parstriangularis","left","PET.AG",0.420631736516953,63,"Aerobic Glycosis"
"parstriangularis","left","T1T2ratio",1.28540062904358,31,"Anatomical Hierarchy"
"parstriangularis","left","SensorimotorAssociation_Axis",45591.37109375,52,"Sensorimotor-Association Axis"
"parstriangularis","left","G1.fMRI_1",3.27201747894287,50,"Functional Hierarchy"
"parstriangularis","left","Evolution.Expansion",1.5730619430542,68,"Evolutionary Expansion"
"postcentral","left","AllometricScaling.PNC20mm",1.0368971824646,50,"Allometric Scaling"
"postcentral","left","BigBrain.Histology",0.189782738685608,56,"Externopyramidization"
"postcentral","left","CBF",57.0614242553711,17,"Cerebral Blood Flow"
"postcentral","left","Cortical.Thickness",2.21024012565613,7,"Cortical Thickness"
"postcentral","left","PC1.AHBA",1.00127279758453,54,"Gene Expression"
"postcentral","left","PC1.Neurosynth",-0.0108658019453287,1,"Neurosynth"
"postcentral","left","PET.AG",-0.072783000767231,33,"Aerobic Glycosis"
"postcentral","left","T1T2ratio",1.43415868282318,52,"Anatomical Hierarchy"
"postcentral","left","SensorimotorAssociation_Axis",10188.375,10,"Sensorimotor-Association Axis"
"postcentral","left","G1.fMRI_1",-4.98388385772705,2,"Functional Hierarchy"
"postcentral","left","Evolution.Expansion",0.462481707334518,36,"Evolutionary Expansion"
"precentral","left","AllometricScaling.PNC20mm",0.987586617469788,36,"Allometric Scaling"
"precentral","left","BigBrain.Histology",0.226567953824997,58,"Externopyramidization"
"precentral","left","CBF",61.2877159118652,35,"Cerebral Blood Flow"
"precentral","left","Cortical.Thickness",2.70670557022095,33,"Cortical Thickness"
"precentral","left","PC1.AHBA",0.646789610385895,45,"Gene Expression"
"precentral","left","PC1.Neurosynth",-0.00954861752688885,5,"Neurosynth"
"precentral","left","PET.AG",0.110101066529751,49,"Aerobic Glycosis"
"precentral","left","T1T2ratio",1.44858908653259,55,"Anatomical Hierarchy"
"precentral","left","SensorimotorAssociation_Axis",16673.248046875,16,"Sensorimotor-Association Axis"
"precentral","left","G1.fMRI_1",-3.89261388778687,11,"Functional Hierarchy"
"precentral","left","Evolution.Expansion",-0.148541107773781,17,"Evolutionary Expansion"
"rostralmiddlefrontal","left","AllometricScaling.PNC20mm",1.14747500419617,62,"Allometric Scaling"
"rostralmiddlefrontal","left","BigBrain.Histology",-0.0840239897370338,24,"Externopyramidization"
"rostralmiddlefrontal","left","CBF",71.7846755981445,64,"Cerebral Blood Flow"
"rostralmiddlefrontal","left","Cortical.Thickness",2.55438446998596,15,"Cortical Thickness"
"rostralmiddlefrontal","left","PC1.AHBA",-0.13843597471714,33,"Gene Expression"
"rostralmiddlefrontal","left","PC1.Neurosynth",0.000185041368240491,40,"Neurosynth"
"rostralmiddlefrontal","left","PET.AG",0.480555266141891,64,"Aerobic Glycosis"
"rostralmiddlefrontal","left","T1T2ratio",1.23207426071167,23,"Anatomical Hierarchy"
"rostralmiddlefrontal","left","SensorimotorAssociation_Axis",50624.96484375,63,"Sensorimotor-Association Axis"
"rostralmiddlefrontal","left","G1.fMRI_1",2.94123101234436,47,"Functional Hierarchy"
"rostralmiddlefrontal","left","Evolution.Expansion",1.25102365016937,56,"Evolutionary Expansion"
"superiorfrontal","left","AllometricScaling.PNC20mm",1.0706604719162,54,"Allometric Scaling"
"superiorfrontal","left","BigBrain.Histology",0.00187137676402926,38,"Externopyramidization"
"superiorfrontal","left","CBF",58.0111694335938,21,"Cerebral Blood Flow"
"superiorfrontal","left","Cortical.Thickness",2.82869219779968,46,"Cortical Thickness"
"superiorfrontal","left","PC1.AHBA",-0.387642055749893,23,"Gene Expression"
"superiorfrontal","left","PC1.Neurosynth",-0.0027966636698693,17,"Neurosynth"
"superiorfrontal","left","PET.AG",0.396476686000824,60,"Aerobic Glycosis"
"superiorfrontal","left","T1T2ratio",1.22865676879883,20,"Anatomical Hierarchy"
"superiorfrontal","left","SensorimotorAssociation_Axis",43341.4765625,48,"Sensorimotor-Association Axis"
"superiorfrontal","left","G1.fMRI_1",2.36348795890808,45,"Functional Hierarchy"
"superiorfrontal","left","Evolution.Expansion",0.752205967903137,44,"Evolutionary Expansion"
"superiorparietal","left","AllometricScaling.PNC20mm",1.0504195690155,51,"Allometric Scaling"
"superiorparietal","left","BigBrain.Histology",0.149124354124069,51,"Externopyramidization"
"superiorparietal","left","CBF",57.5468711853027,19,"Cerebral Blood Flow"
"superiorparietal","left","Cortical.Thickness",2.28512644767761,10,"Cortical Thickness"
"superiorparietal","left","PC1.AHBA",0.746387243270874,51,"Gene Expression"
"superiorparietal","left","PC1.Neurosynth",-0.00509409047663212,9,"Neurosynth"
"superiorparietal","left","PET.AG",0.108269862830639,48,"Aerobic Glycosis"
"superiorparietal","left","T1T2ratio",1.36358511447906,49,"Anatomical Hierarchy"
"superiorparietal","left","SensorimotorAssociation_Axis",16430.22265625,14,"Sensorimotor-Association Axis"
"superiorparietal","left","G1.fMRI_1",-3.13615155220032,18,"Functional Hierarchy"
"superiorparietal","left","Evolution.Expansion",0.347721874713898,31,"Evolutionary Expansion"
"superiortemporal","left","AllometricScaling.PNC20mm",1.02682101726532,47,"Allometric Scaling"
"superiortemporal","left","BigBrain.Histology",0.0152855422347784,40,"Externopyramidization"
"superiortemporal","left","CBF",64.7034301757812,46,"Cerebral Blood Flow"
"superiortemporal","left","Cortical.Thickness",2.8560094833374,49,"Cortical Thickness"
"superiortemporal","left","PC1.AHBA",-0.385557025671005,24,"Gene Expression"
"superiortemporal","left","PC1.Neurosynth",-0.0011762510985136,21,"Neurosynth"
"superiortemporal","left","PET.AG",-0.390220373868942,10,"Aerobic Glycosis"
"superiortemporal","left","T1T2ratio",1.31281673908234,41,"Anatomical Hierarchy"
"superiortemporal","left","SensorimotorAssociation_Axis",32456.61328125,30,"Sensorimotor-Association Axis"
"superiortemporal","left","G1.fMRI_1",-1.00294280052185,27,"Functional Hierarchy"
"superiortemporal","left","Evolution.Expansion",1.02565050125122,51,"Evolutionary Expansion"
"supramarginal","left","AllometricScaling.PNC20mm",1.21224880218506,68,"Allometric Scaling"
"supramarginal","left","BigBrain.Histology",-0.0153381461277604,35,"Externopyramidization"
"supramarginal","left","CBF",62.4982986450195,41,"Cerebral Blood Flow"
"supramarginal","left","Cortical.Thickness",2.65287065505981,24,"Cortical Thickness"
"supramarginal","left","PC1.AHBA",0.310377776622772,40,"Gene Expression"
"supramarginal","left","PC1.Neurosynth",-0.00620228983461857,7,"Neurosynth"
"supramarginal","left","PET.AG",-0.0437465161085129,34,"Aerobic Glycosis"
"supramarginal","left","T1T2ratio",1.28089618682861,30,"Anatomical Hierarchy"
"supramarginal","left","SensorimotorAssociation_Axis",34836.609375,36,"Sensorimotor-Association Axis"
"supramarginal","left","G1.fMRI_1",-0.369479119777679,28,"Functional Hierarchy"
"supramarginal","left","Evolution.Expansion",1.46330332756042,64,"Evolutionary Expansion"
"temporalpole","left","AllometricScaling.PNC20mm",0.517814874649048,1,"Allometric Scaling"
"temporalpole","left","BigBrain.Histology",-0.340827584266663,5,"Externopyramidization"
"temporalpole","left","CBF",7.3943657875061,3,"Cerebral Blood Flow"
"temporalpole","left","Cortical.Thickness",3.29449415206909,66,"Cortical Thickness"
"temporalpole","left","PC1.AHBA",-2.31551027297974,1,"Gene Expression"
"temporalpole","left","PC1.Neurosynth",0.00129264546558261,61,"Neurosynth"
"temporalpole","left","PET.AG",-0.378707945346832,12,"Aerobic Glycosis"
"temporalpole","left","T1T2ratio",1.02519166469574,1,"Anatomical Hierarchy"
"temporalpole","left","SensorimotorAssociation_Axis",40544.00390625,46,"Sensorimotor-Association Axis"
"temporalpole","left","G1.fMRI_1",5.25104379653931,62,"Functional Hierarchy"
"temporalpole","left","Evolution.Expansion",0.378137201070786,34,"Evolutionary Expansion"
"transversetemporal","left","AllometricScaling.PNC20mm",1.11028945446014,57,"Allometric Scaling"
"transversetemporal","left","BigBrain.Histology",0.267081618309021,62,"Externopyramidization"
"transversetemporal","left","CBF",78.5754089355469,67,"Cerebral Blood Flow"
"transversetemporal","left","Cortical.Thickness",2.63003420829773,22,"Cortical Thickness"
"transversetemporal","left","PC1.AHBA",1.17164623737335,55,"Gene Expression"
"transversetemporal","left","PC1.Neurosynth",-0.00115701963659376,22,"Neurosynth"
"transversetemporal","left","PET.AG",-0.187958598136902,20,"Aerobic Glycosis"
"transversetemporal","left","T1T2ratio",1.64869844913483,67,"Anatomical Hierarchy"
"transversetemporal","left","SensorimotorAssociation_Axis",19090.3203125,18,"Sensorimotor-Association Axis"
"transversetemporal","left","G1.fMRI_1",-3.68119955062866,14,"Functional Hierarchy"
"transversetemporal","left","Evolution.Expansion",0.28303250670433,24,"Evolutionary Expansion"
"insula","left","AllometricScaling.PNC20mm",1.01521396636963,43,"Allometric Scaling"
"insula","left","BigBrain.Histology",-0.0719572082161903,26,"Externopyramidization"
"insula","left","CBF",59.5804557800293,26,"Cerebral Blood Flow"
"insula","left","Cortical.Thickness",3.1232635974884,62,"Cortical Thickness"
"insula","left","PC1.AHBA",-1.16407871246338,10,"Gene Expression"
"insula","left","PC1.Neurosynth",-0.00217085680924356,19,"Neurosynth"
"insula","left","PET.AG",-0.379618525505066,11,"Aerobic Glycosis"
"insula","left","T1T2ratio",1.22572982311249,18,"Anatomical Hierarchy"
"insula","left","SensorimotorAssociation_Axis",32684.234375,31,"Sensorimotor-Association Axis"
"insula","left","G1.fMRI_1",-2.63801884651184,20,"Functional Hierarchy"
"insula","left","Evolution.Expansion",0.312429308891296,26,"Evolutionary Expansion"
"caudalanteriorcingulate","left","AllometricScaling.PNC20mm",0.991540193557739,38,"Allometric Scaling"
"caudalanteriorcingulate","left","BigBrain.Histology",-0.0507962964475155,29,"Externopyramidization"
"caudalanteriorcingulate","left","CBF",60.2474365234375,33,"Cerebral Blood Flow"
"caudalanteriorcingulate","left","Cortical.Thickness",2.89731621742249,53,"Cortical Thickness"
"caudalanteriorcingulate","left","PC1.AHBA",NA,65,"Gene Expression"
"caudalanteriorcingulate","left","PC1.Neurosynth",-0.00414560455828905,11,"Neurosynth"
"caudalanteriorcingulate","left","PET.AG",-0.170366898179054,22,"Aerobic Glycosis"
"caudalanteriorcingulate","left","T1T2ratio",1.14318609237671,4,"Anatomical Hierarchy"
"caudalanteriorcingulate","left","SensorimotorAssociation_Axis",36977.7265625,40,"Sensorimotor-Association Axis"
"caudalanteriorcingulate","left","G1.fMRI_1",-1.81861340999603,23,"Functional Hierarchy"
"caudalanteriorcingulate","left","Evolution.Expansion",0.853052616119385,46,"Evolutionary Expansion"
"cuneus","left","AllometricScaling.PNC20mm",0.807321071624756,9,"Allometric Scaling"
"cuneus","left","BigBrain.Histology",0.30057680606842,64,"Externopyramidization"
"cuneus","left","CBF",60.1062545776367,31,"Cerebral Blood Flow"
"cuneus","left","Cortical.Thickness",2.05681777000427,1,"Cortical Thickness"
"cuneus","left","PC1.AHBA",2.35225105285645,61,"Gene Expression"
"cuneus","left","PC1.Neurosynth",0.00012471224181354,39,"Neurosynth"
"cuneus","left","PET.AG",-0.311881989240646,17,"Aerobic Glycosis"
"cuneus","left","T1T2ratio",1.51835799217224,63,"Anatomical Hierarchy"
"cuneus","left","SensorimotorAssociation_Axis",3434.34936523438,3,"Sensorimotor-Association Axis"
"cuneus","left","G1.fMRI_1",-4.40622282028198,5,"Functional Hierarchy"
"cuneus","left","Evolution.Expansion",-1.58970439434052,3,"Evolutionary Expansion"
"entorhinal","left","AllometricScaling.PNC20mm",0.773637712001801,7,"Allometric Scaling"
"entorhinal","left","BigBrain.Histology",-0.342423617839813,4,"Externopyramidization"
"entorhinal","left","CBF",7.14274740219116,2,"Cerebral Blood Flow"
"entorhinal","left","Cortical.Thickness",3.157963514328,63,"Cortical Thickness"
"entorhinal","left","PC1.AHBA",-2.15618586540222,4,"Gene Expression"
"entorhinal","left","PC1.Neurosynth",0.0015010986244306,63,"Neurosynth"
"entorhinal","left","PET.AG",-0.341064214706421,16,"Aerobic Glycosis"
"entorhinal","left","T1T2ratio",1.17725038528442,8,"Anatomical Hierarchy"
"entorhinal","left","SensorimotorAssociation_Axis",35155.31640625,38,"Sensorimotor-Association Axis"
"entorhinal","left","G1.fMRI_1",1.22738206386566,37,"Functional Hierarchy"
"entorhinal","left","Evolution.Expansion",0.00444494048133492,20,"Evolutionary Expansion"
"isthmuscingulate","left","AllometricScaling.PNC20mm",0.953540980815887,28,"Allometric Scaling"
"isthmuscingulate","left","BigBrain.Histology",-0.0165865439921618,34,"Externopyramidization"
"isthmuscingulate","left","CBF",65.299446105957,50,"Cerebral Blood Flow"
"isthmuscingulate","left","Cortical.Thickness",2.68269681930542,27,"Cortical Thickness"
"isthmuscingulate","left","PC1.AHBA",NA,66,"Gene Expression"
"isthmuscingulate","left","PC1.Neurosynth",0.00243372260592878,66,"Neurosynth"
"isthmuscingulate","left","PET.AG",0.293442696332932,54,"Aerobic Glycosis"
"isthmuscingulate","left","T1T2ratio",1.51325631141663,62,"Anatomical Hierarchy"
"isthmuscingulate","left","SensorimotorAssociation_Axis",32393.33203125,28,"Sensorimotor-Association Axis"
"isthmuscingulate","left","G1.fMRI_1",4.14311361312866,56,"Functional Hierarchy"
"isthmuscingulate","left","Evolution.Expansion",-0.533174753189087,12,"Evolutionary Expansion"
"lingual","left","AllometricScaling.PNC20mm",0.858686685562134,13,"Allometric Scaling"
"lingual","left","BigBrain.Histology",0.0457795858383179,42,"Externopyramidization"
"lingual","left","CBF",55.4404907226562,14,"Cerebral Blood Flow"
"lingual","left","Cortical.Thickness",2.18337225914001,5,"Cortical Thickness"
"lingual","left","PC1.AHBA",1.84789299964905,59,"Gene Expression"
"lingual","left","PC1.Neurosynth",-1.7914135241881e-05,34,"Neurosynth"
"lingual","left","PET.AG",-0.530890583992004,5,"Aerobic Glycosis"
"lingual","left","T1T2ratio",1.47449254989624,59,"Anatomical Hierarchy"
"lingual","left","SensorimotorAssociation_Axis",5872.244140625,5,"Sensorimotor-Association Axis"
"lingual","left","G1.fMRI_1",-4.09635877609253,9,"Functional Hierarchy"
"lingual","left","Evolution.Expansion",-1.23732495307922,7,"Evolutionary Expansion"
"medialorbitofrontal","left","AllometricScaling.PNC20mm",0.858700811862946,14,"Allometric Scaling"
"medialorbitofrontal","left","BigBrain.Histology",-0.309402167797089,8,"Externopyramidization"
"medialorbitofrontal","left","CBF",63.5176239013672,43,"Cerebral Blood Flow"
"medialorbitofrontal","left","Cortical.Thickness",2.65630507469177,25,"Cortical Thickness"
"medialorbitofrontal","left","PC1.AHBA",-1.31326293945312,8,"Gene Expression"
"medialorbitofrontal","left","PC1.Neurosynth",0.00230962317436934,65,"Neurosynth"
"medialorbitofrontal","left","PET.AG",0.0702556371688843,42,"Aerobic Glycosis"
"medialorbitofrontal","left","T1T2ratio",1.19889008998871,11,"Anatomical Hierarchy"
"medialorbitofrontal","left","SensorimotorAssociation_Axis",46241.7109375,55,"Sensorimotor-Association Axis"
"medialorbitofrontal","left","G1.fMRI_1",5.54855060577393,64,"Functional Hierarchy"
"medialorbitofrontal","left","Evolution.Expansion",0.0161445140838623,21,"Evolutionary Expansion"
"parahippocampal","left","AllometricScaling.PNC20mm",0.691673934459686,4,"Allometric Scaling"
"parahippocampal","left","BigBrain.Histology",-0.331155776977539,6,"Externopyramidization"
"parahippocampal","left","CBF",49.117504119873,11,"Cerebral Blood Flow"
"parahippocampal","left","Cortical.Thickness",2.72626280784607,38,"Cortical Thickness"
"parahippocampal","left","PC1.AHBA",-0.887139916419983,13,"Gene Expression"
"parahippocampal","left","PC1.Neurosynth",0.00254802615381777,67,"Neurosynth"
"parahippocampal","left","PET.AG",-0.507197558879852,6,"Aerobic Glycosis"
"parahippocampal","left","T1T2ratio",1.31087684631348,40,"Anatomical Hierarchy"
"parahippocampal","left","SensorimotorAssociation_Axis",26391.447265625,23,"Sensorimotor-Association Axis"
"parahippocampal","left","G1.fMRI_1",1.34069347381592,39,"Functional Hierarchy"
"parahippocampal","left","Evolution.Expansion",-1.45831775665283,5,"Evolutionary Expansion"
"paracentral","left","AllometricScaling.PNC20mm",0.836814820766449,10,"Allometric Scaling"
"paracentral","left","BigBrain.Histology",0.151313155889511,52,"Externopyramidization"
"paracentral","left","CBF",47.973991394043,10,"Cerebral Blood Flow"
"paracentral","left","Cortical.Thickness",2.5414891242981,14,"Cortical Thickness"
"paracentral","left","PC1.AHBA",0.785716354846954,52,"Gene Expression"
"paracentral","left","PC1.Neurosynth",-0.00995629467070103,3,"Neurosynth"
"paracentral","left","PET.AG",-0.0400643460452557,35,"Aerobic Glycosis"
"paracentral","left","T1T2ratio",1.441197514534,54,"Anatomical Hierarchy"
"paracentral","left","SensorimotorAssociation_Axis",7420.5068359375,7,"Sensorimotor-Association Axis"
"paracentral","left","G1.fMRI_1",-4.95922183990479,3,"Functional Hierarchy"
"paracentral","left","Evolution.Expansion",0.320194095373154,28,"Evolutionary Expansion"
"pericalcarine","left","AllometricScaling.PNC20mm",0.67539393901825,3,"Allometric Scaling"
"pericalcarine","left","BigBrain.Histology",0.357202649116516,66,"Externopyramidization"
"pericalcarine","left","CBF",54.1231536865234,13,"Cerebral Blood Flow"
"pericalcarine","left","Cortical.Thickness",2.057124376297,2,"Cortical Thickness"
"pericalcarine","left","PC1.AHBA",2.67275595664978,63,"Gene Expression"
"pericalcarine","left","PC1.Neurosynth",-0.000202078677830286,32,"Neurosynth"
"pericalcarine","left","PET.AG",-0.537290155887604,3,"Aerobic Glycosis"
"pericalcarine","left","T1T2ratio",1.55802702903748,65,"Anatomical Hierarchy"
"pericalcarine","left","SensorimotorAssociation_Axis",790.073974609375,1,"Sensorimotor-Association Axis"
"pericalcarine","left","G1.fMRI_1",-3.9614040851593,10,"Functional Hierarchy"
"pericalcarine","left","Evolution.Expansion",-1.58598494529724,4,"Evolutionary Expansion"
"posteriorcingulate","left","AllometricScaling.PNC20mm",0.922535717487335,21,"Allometric Scaling"
"posteriorcingulate","left","BigBrain.Histology",-0.0742380246520042,25,"Externopyramidization"
"posteriorcingulate","left","CBF",65.1711654663086,49,"Cerebral Blood Flow"
"posteriorcingulate","left","Cortical.Thickness",2.72379851341248,36,"Cortical Thickness"
"posteriorcingulate","left","PC1.AHBA",NA,67,"Gene Expression"
"posteriorcingulate","left","PC1.Neurosynth",-0.00243856501765549,18,"Neurosynth"
"posteriorcingulate","left","PET.AG",-0.019664142280817,38,"Aerobic Glycosis"
"posteriorcingulate","left","T1T2ratio",1.30955398082733,39,"Anatomical Hierarchy"
"posteriorcingulate","left","SensorimotorAssociation_Axis",33399.65625,34,"Sensorimotor-Association Axis"
"posteriorcingulate","left","G1.fMRI_1",0.526869118213654,32,"Functional Hierarchy"
"posteriorcingulate","left","Evolution.Expansion",0.59396880865097,37,"Evolutionary Expansion"
"precuneus","left","AllometricScaling.PNC20mm",1.02753984928131,48,"Allometric Scaling"
"precuneus","left","BigBrain.Histology",0.0569773614406586,43,"Externopyramidization"
"precuneus","left","CBF",59.3178825378418,25,"Cerebral Blood Flow"
"precuneus","left","Cortical.Thickness",2.53865003585815,13,"Cortical Thickness"
"precuneus","left","PC1.AHBA",0.730680644512177,49,"Gene Expression"
"precuneus","left","PC1.Neurosynth",0.000458978902315721,48,"Neurosynth"
"precuneus","left","PET.AG",0.0875222757458687,44,"Aerobic Glycosis"
"precuneus","left","T1T2ratio",1.32763874530792,45,"Anatomical Hierarchy"
"precuneus","left","SensorimotorAssociation_Axis",25261.423828125,20,"Sensorimotor-Association Axis"
"precuneus","left","G1.fMRI_1",1.59566962718964,40,"Functional Hierarchy"
"precuneus","left","Evolution.Expansion",-0.32638418674469,15,"Evolutionary Expansion"
"rostralanteriorcingulate","left","AllometricScaling.PNC20mm",1.16812765598297,66,"Allometric Scaling"
"rostralanteriorcingulate","left","BigBrain.Histology",-0.206341773271561,11,"Externopyramidization"
"rostralanteriorcingulate","left","CBF",60.169620513916,32,"Cerebral Blood Flow"
"rostralanteriorcingulate","left","Cortical.Thickness",3.15943050384521,64,"Cortical Thickness"
"rostralanteriorcingulate","left","PC1.AHBA",NA,68,"Gene Expression"
"rostralanteriorcingulate","left","PC1.Neurosynth",0.00411637686192989,68,"Neurosynth"
"rostralanteriorcingulate","left","PET.AG",0.0188284777104855,40,"Aerobic Glycosis"
"rostralanteriorcingulate","left","T1T2ratio",1.14403665065765,5,"Anatomical Hierarchy"
"rostralanteriorcingulate","left","SensorimotorAssociation_Axis",55671.484375,68,"Sensorimotor-Association Axis"
"rostralanteriorcingulate","left","G1.fMRI_1",4.26159286499023,58,"Functional Hierarchy"
"rostralanteriorcingulate","left","Evolution.Expansion",0.646282613277435,41,"Evolutionary Expansion"
"frontalpole","left","AllometricScaling.PNC20mm",0.953372061252594,27,"Allometric Scaling"
"frontalpole","left","BigBrain.Histology",-0.304910391569138,9,"Externopyramidization"
"frontalpole","left","CBF",60.0723724365234,30,"Cerebral Blood Flow"
"frontalpole","left","Cortical.Thickness",2.67044425010681,26,"Cortical Thickness"
"frontalpole","left","PC1.AHBA",-0.992986917495728,11,"Gene Expression"
"frontalpole","left","PC1.Neurosynth",0.000267855852143839,42,"Neurosynth"
"frontalpole","left","PET.AG",0.298649698495865,57,"Aerobic Glycosis"
"frontalpole","left","T1T2ratio",1.18082046508789,9,"Anatomical Hierarchy"
"frontalpole","left","SensorimotorAssociation_Axis",49244.77734375,60,"Sensorimotor-Association Axis"
"frontalpole","left","G1.fMRI_1",6.45903491973877,68,"Functional Hierarchy"
"frontalpole","left","Evolution.Expansion",0.599953830242157,38,"Evolutionary Expansion"
"caudalanteriorcingulate","right","AllometricScaling.PNC20mm",0.951156854629517,26,"Allometric Scaling"
"caudalanteriorcingulate","right","BigBrain.Histology",-0.131177619099617,19,"Externopyramidization"
"caudalanteriorcingulate","right","CBF",58.3202018737793,22,"Cerebral Blood Flow"
"caudalanteriorcingulate","right","Cortical.Thickness",2.90266823768616,55,"Cortical Thickness"
"caudalanteriorcingulate","right","PC1.AHBA",-1.37709617614746,6,"Gene Expression"
"caudalanteriorcingulate","right","PC1.Neurosynth",-0.00388889899477363,12,"Neurosynth"
"caudalanteriorcingulate","right","PET.AG",-0.00197824346832931,39,"Aerobic Glycosis"
"caudalanteriorcingulate","right","T1T2ratio",1.14964330196381,6,"Anatomical Hierarchy"
"caudalanteriorcingulate","right","SensorimotorAssociation_Axis",39665.80859375,44,"Sensorimotor-Association Axis"
"caudalanteriorcingulate","right","G1.fMRI_1",-1.28335106372833,26,"Functional Hierarchy"
"caudalanteriorcingulate","right","Evolution.Expansion",0.89634758234024,48,"Evolutionary Expansion"
"cuneus","right","AllometricScaling.PNC20mm",0.895600616931915,18,"Allometric Scaling"
"cuneus","right","BigBrain.Histology",0.271626591682434,63,"Externopyramidization"
"cuneus","right","CBF",59.9327812194824,28,"Cerebral Blood Flow"
"cuneus","right","Cortical.Thickness",2.06698656082153,3,"Cortical Thickness"
"cuneus","right","PC1.AHBA",2.37460708618164,62,"Gene Expression"
"cuneus","right","PC1.Neurosynth",7.79430629336275e-05,38,"Neurosynth"
"cuneus","right","PET.AG",-0.440093249082565,8,"Aerobic Glycosis"
"cuneus","right","T1T2ratio",1.49850428104401,61,"Anatomical Hierarchy"
"cuneus","right","SensorimotorAssociation_Axis",3980.5205078125,4,"Sensorimotor-Association Axis"
"cuneus","right","G1.fMRI_1",-4.38670587539673,6,"Functional Hierarchy"
"cuneus","right","Evolution.Expansion",-1.69988989830017,1,"Evolutionary Expansion"
"entorhinal","right","AllometricScaling.PNC20mm",0.78158301115036,8,"Allometric Scaling"
"entorhinal","right","BigBrain.Histology",-0.397024810314178,3,"Externopyramidization"
"entorhinal","right","CBF",7.49306058883667,4,"Cerebral Blood Flow"
"entorhinal","right","Cortical.Thickness",3.39644503593445,67,"Cortical Thickness"
"entorhinal","right","PC1.AHBA",-2.1625509262085,3,"Gene Expression"
"entorhinal","right","PC1.Neurosynth",0.000574267993215472,50,"Neurosynth"
"entorhinal","right","PET.AG",-0.534829616546631,4,"Aerobic Glycosis"
"entorhinal","right","T1T2ratio",1.15814733505249,7,"Anatomical Hierarchy"
"entorhinal","right","SensorimotorAssociation_Axis",35115.2265625,37,"Sensorimotor-Association Axis"
"entorhinal","right","G1.fMRI_1",0.597310662269592,34,"Functional Hierarchy"
"entorhinal","right","Evolution.Expansion",0.121111750602722,22,"Evolutionary Expansion"
"fusiform","right","AllometricScaling.PNC20mm",0.970671832561493,33,"Allometric Scaling"
"fusiform","right","BigBrain.Histology",-0.13474802672863,17,"Externopyramidization"
"fusiform","right","CBF",43.7313041687012,7,"Cerebral Blood Flow"
"fusiform","right","Cortical.Thickness",2.89766383171082,54,"Cortical Thickness"
"fusiform","right","PC1.AHBA",-0.356925934553146,26,"Gene Expression"
"fusiform","right","PC1.Neurosynth",0.00057528936304152,51,"Neurosynth"
"fusiform","right","PET.AG",-0.349652469158173,15,"Aerobic Glycosis"
"fusiform","right","T1T2ratio",1.31719183921814,44,"Anatomical Hierarchy"
"fusiform","right","SensorimotorAssociation_Axis",26166.427734375,22,"Sensorimotor-Association Axis"
"fusiform","right","G1.fMRI_1",-2.22550535202026,21,"Functional Hierarchy"
"fusiform","right","Evolution.Expansion",-0.365543007850647,14,"Evolutionary Expansion"
"isthmuscingulate","right","AllometricScaling.PNC20mm",0.974004566669464,35,"Allometric Scaling"
"isthmuscingulate","right","BigBrain.Histology",-0.0296302065253258,31,"Externopyramidization"
"isthmuscingulate","right","CBF",65.0917358398438,48,"Cerebral Blood Flow"
"isthmuscingulate","right","Cortical.Thickness",2.65190482139587,23,"Cortical Thickness"
"isthmuscingulate","right","PC1.AHBA",0.366343706846237,42,"Gene Expression"
"isthmuscingulate","right","PC1.Neurosynth",0.00112211343366653,57,"Neurosynth"
"isthmuscingulate","right","PET.AG",0.0541314966976643,41,"Aerobic Glycosis"
"isthmuscingulate","right","T1T2ratio",1.51854121685028,64,"Anatomical Hierarchy"
"isthmuscingulate","right","SensorimotorAssociation_Axis",28882.849609375,25,"Sensorimotor-Association Axis"
"isthmuscingulate","right","G1.fMRI_1",3.17137622833252,49,"Functional Hierarchy"
"isthmuscingulate","right","Evolution.Expansion",-0.563382506370544,11,"Evolutionary Expansion"
"lateraloccipital","right","AllometricScaling.PNC20mm",1.01267337799072,41,"Allometric Scaling"
"lateraloccipital","right","BigBrain.Histology",0.329807549715042,65,"Externopyramidization"
"lateraloccipital","right","CBF",62.4368934631348,40,"Cerebral Blood Flow"
"lateraloccipital","right","Cortical.Thickness",2.31899309158325,12,"Cortical Thickness"
"lateraloccipital","right","PC1.AHBA",1.76300013065338,58,"Gene Expression"
"lateraloccipital","right","PC1.Neurosynth",-0.000234848615946248,31,"Neurosynth"
"lateraloccipital","right","PET.AG",-0.0892928391695023,30,"Aerobic Glycosis"
"lateraloccipital","right","T1T2ratio",1.46389424800873,57,"Anatomical Hierarchy"
"lateraloccipital","right","SensorimotorAssociation_Axis",11135.47265625,11,"Sensorimotor-Association Axis"
"lateraloccipital","right","G1.fMRI_1",-3.24701189994812,16,"Functional Hierarchy"
"lateraloccipital","right","Evolution.Expansion",-0.793801546096802,9,"Evolutionary Expansion"
"lateralorbitofrontal","right","AllometricScaling.PNC20mm",0.916395008563995,20,"Allometric Scaling"
"lateralorbitofrontal","right","BigBrain.Histology",-0.13596610724926,16,"Externopyramidization"
"lateralorbitofrontal","right","CBF",67.9947128295898,55,"Cerebral Blood Flow"
"lateralorbitofrontal","right","Cortical.Thickness",2.88591742515564,52,"Cortical Thickness"
"lateralorbitofrontal","right","PC1.AHBA",-0.719046950340271,19,"Gene Expression"
"lateralorbitofrontal","right","PC1.Neurosynth",0.00144156499300152,62,"Neurosynth"
"lateralorbitofrontal","right","PET.AG",0.193848997354507,52,"Aerobic Glycosis"
"lateralorbitofrontal","right","T1T2ratio",1.24692702293396,25,"Anatomical Hierarchy"
"lateralorbitofrontal","right","SensorimotorAssociation_Axis",45583.70703125,51,"Sensorimotor-Association Axis"
"lateralorbitofrontal","right","G1.fMRI_1",3.47750926017761,52,"Functional Hierarchy"
"lateralorbitofrontal","right","Evolution.Expansion",0.312708705663681,27,"Evolutionary Expansion"
"lingual","right","AllometricScaling.PNC20mm",0.926751732826233,24,"Allometric Scaling"
"lingual","right","BigBrain.Histology",0.152579054236412,53,"Externopyramidization"
"lingual","right","CBF",56.8775100708008,16,"Cerebral Blood Flow"
"lingual","right","Cortical.Thickness",2.20375323295593,6,"Cortical Thickness"
"lingual","right","PC1.AHBA",1.9455771446228,60,"Gene Expression"
"lingual","right","PC1.Neurosynth",-5.08898710904759e-06,35,"Neurosynth"
"lingual","right","PET.AG",-0.538951754570007,2,"Aerobic Glycosis"
"lingual","right","T1T2ratio",1.49588167667389,60,"Anatomical Hierarchy"
"lingual","right","SensorimotorAssociation_Axis",6139.34619140625,6,"Sensorimotor-Association Axis"
"lingual","right","G1.fMRI_1",-4.2153491973877,8,"Functional Hierarchy"
"lingual","right","Evolution.Expansion",-1.2162264585495,8,"Evolutionary Expansion"
"medialorbitofrontal","right","AllometricScaling.PNC20mm",0.96834397315979,32,"Allometric Scaling"
"medialorbitofrontal","right","BigBrain.Histology",-0.315635770559311,7,"Externopyramidization"
"medialorbitofrontal","right","CBF",64.7304534912109,47,"Cerebral Blood Flow"
"medialorbitofrontal","right","Cortical.Thickness",2.70723938941956,34,"Cortical Thickness"
"medialorbitofrontal","right","PC1.AHBA",-1.32104384899139,7,"Gene Expression"
"medialorbitofrontal","right","PC1.Neurosynth",0.00204794784076512,64,"Neurosynth"
"medialorbitofrontal","right","PET.AG",0.123303890228271,50,"Aerobic Glycosis"
"medialorbitofrontal","right","T1T2ratio",1.19726407527924,10,"Anatomical Hierarchy"
"medialorbitofrontal","right","SensorimotorAssociation_Axis",49052.9765625,58,"Sensorimotor-Association Axis"
"medialorbitofrontal","right","G1.fMRI_1",5.2549409866333,63,"Functional Hierarchy"
"medialorbitofrontal","right","Evolution.Expansion",-0.011444266885519,19,"Evolutionary Expansion"
"parahippocampal","right","AllometricScaling.PNC20mm",0.722880601882935,5,"Allometric Scaling"
"parahippocampal","right","BigBrain.Histology",-0.399887979030609,2,"Externopyramidization"
"parahippocampal","right","CBF",49.12646484375,12,"Cerebral Blood Flow"
"parahippocampal","right","Cortical.Thickness",2.72558403015137,37,"Cortical Thickness"
"parahippocampal","right","PC1.AHBA",-0.858663737773895,14,"Gene Expression"
"parahippocampal","right","PC1.Neurosynth",0.00115832628216594,59,"Neurosynth"
"parahippocampal","right","PET.AG",-0.473993122577667,7,"Aerobic Glycosis"
"parahippocampal","right","T1T2ratio",1.28868198394775,32,"Anatomical Hierarchy"
"parahippocampal","right","SensorimotorAssociation_Axis",26040.611328125,21,"Sensorimotor-Association Axis"
"parahippocampal","right","G1.fMRI_1",0.222613424062729,30,"Functional Hierarchy"
"parahippocampal","right","Evolution.Expansion",-1.40812754631042,6,"Evolutionary Expansion"
"paracentral","right","AllometricScaling.PNC20mm",0.845181286334991,11,"Allometric Scaling"
"paracentral","right","BigBrain.Histology",0.235766664147377,60,"Externopyramidization"
"paracentral","right","CBF",47.8572616577148,9,"Cerebral Blood Flow"
"paracentral","right","Cortical.Thickness",2.59907174110413,19,"Cortical Thickness"
"paracentral","right","PC1.AHBA",0.689647555351257,47,"Gene Expression"
"paracentral","right","PC1.Neurosynth",-0.00589535711333156,8,"Neurosynth"
"paracentral","right","PET.AG",-0.0817286148667336,31,"Aerobic Glycosis"
"paracentral","right","T1T2ratio",1.4351909160614,53,"Anatomical Hierarchy"
"paracentral","right","SensorimotorAssociation_Axis",8856.36328125,9,"Sensorimotor-Association Axis"
"paracentral","right","G1.fMRI_1",-4.80030393600464,4,"Functional Hierarchy"
"paracentral","right","Evolution.Expansion",0.376436084508896,33,"Evolutionary Expansion"
"pericalcarine","right","AllometricScaling.PNC20mm",0.773199379444122,6,"Allometric Scaling"
"pericalcarine","right","BigBrain.Histology",0.358944922685623,68,"Externopyramidization"
"pericalcarine","right","CBF",58.8366661071777,23,"Cerebral Blood Flow"
"pericalcarine","right","Cortical.Thickness",2.07690405845642,4,"Cortical Thickness"
"pericalcarine","right","PC1.AHBA",2.67330884933472,64,"Gene Expression"
"pericalcarine","right","PC1.Neurosynth",-0.000258071639109403,30,"Neurosynth"
"pericalcarine","right","PET.AG",-0.64016330242157,1,"Aerobic Glycosis"
"pericalcarine","right","T1T2ratio",1.57472968101501,66,"Anatomical Hierarchy"
"pericalcarine","right","SensorimotorAssociation_Axis",2007.94226074219,2,"Sensorimotor-Association Axis"
"pericalcarine","right","G1.fMRI_1",-3.85378313064575,12,"Functional Hierarchy"
"pericalcarine","right","Evolution.Expansion",-1.6354171037674,2,"Evolutionary Expansion"
"postcentral","right","AllometricScaling.PNC20mm",0.955518543720245,29,"Allometric Scaling"
"postcentral","right","BigBrain.Histology",0.22556734085083,57,"Externopyramidization"
"postcentral","right","CBF",56.6763381958008,15,"Cerebral Blood Flow"
"postcentral","right","Cortical.Thickness",2.21055555343628,8,"Cortical Thickness"
"postcentral","right","PC1.AHBA",0.991619467735291,53,"Gene Expression"
"postcentral","right","PC1.Neurosynth",-0.00980432704091072,4,"Neurosynth"
"postcentral","right","PET.AG",-0.0894087702035904,29,"Aerobic Glycosis"
"postcentral","right","T1T2ratio",1.43111765384674,51,"Anatomical Hierarchy"
"postcentral","right","SensorimotorAssociation_Axis",8746.6337890625,8,"Sensorimotor-Association Axis"
"postcentral","right","G1.fMRI_1",-5.02542591094971,1,"Functional Hierarchy"
"postcentral","right","Evolution.Expansion",0.435799658298492,35,"Evolutionary Expansion"
"posteriorcingulate","right","AllometricScaling.PNC20mm",0.923266708850861,22,"Allometric Scaling"
"posteriorcingulate","right","BigBrain.Histology",0.0122962761670351,39,"Externopyramidization"
"posteriorcingulate","right","CBF",63.6155891418457,44,"Cerebral Blood Flow"
"posteriorcingulate","right","Cortical.Thickness",2.76042890548706,41,"Cortical Thickness"
"posteriorcingulate","right","PC1.AHBA",-0.298273146152496,27,"Gene Expression"
"posteriorcingulate","right","PC1.Neurosynth",-0.0027987202629447,16,"Neurosynth"
"posteriorcingulate","right","PET.AG",-0.0333689525723457,36,"Aerobic Glycosis"
"posteriorcingulate","right","T1T2ratio",1.31369090080261,42,"Anatomical Hierarchy"
"posteriorcingulate","right","SensorimotorAssociation_Axis",32429.103515625,29,"Sensorimotor-Association Axis"
"posteriorcingulate","right","G1.fMRI_1",0.570822656154633,33,"Functional Hierarchy"
"posteriorcingulate","right","Evolution.Expansion",0.616579174995422,40,"Evolutionary Expansion"
"precentral","right","AllometricScaling.PNC20mm",0.930990219116211,25,"Allometric Scaling"
"precentral","right","BigBrain.Histology",0.242847710847855,61,"Externopyramidization"
"precentral","right","CBF",61.6192054748535,37,"Cerebral Blood Flow"
"precentral","right","Cortical.Thickness",2.70151257514954,31,"Cortical Thickness"
"precentral","right","PC1.AHBA",0.68177205324173,46,"Gene Expression"
"precentral","right","PC1.Neurosynth",-0.0104967737570405,2,"Neurosynth"
"precentral","right","PET.AG",0.104046806693077,47,"Aerobic Glycosis"
"precentral","right","T1T2ratio",1.45091664791107,56,"Anatomical Hierarchy"
"precentral","right","SensorimotorAssociation_Axis",14860.67578125,13,"Sensorimotor-Association Axis"
"precentral","right","G1.fMRI_1",-4.26188230514526,7,"Functional Hierarchy"
"precentral","right","Evolution.Expansion",-0.146658837795258,18,"Evolutionary Expansion"
"precuneus","right","AllometricScaling.PNC20mm",1.14793872833252,63,"Allometric Scaling"
"precuneus","right","BigBrain.Histology",0.0574813708662987,44,"Externopyramidization"
"precuneus","right","CBF",59.7622528076172,27,"Cerebral Blood Flow"
"precuneus","right","Cortical.Thickness",2.57657146453857,18,"Cortical Thickness"
"precuneus","right","PC1.AHBA",0.738749086856842,50,"Gene Expression"
"precuneus","right","PC1.Neurosynth",4.02527075493708e-05,37,"Neurosynth"
"precuneus","right","PET.AG",0.092121459543705,45,"Aerobic Glycosis"
"precuneus","right","T1T2ratio",1.34169375896454,47,"Anatomical Hierarchy"
"precuneus","right","SensorimotorAssociation_Axis",26913.59375,24,"Sensorimotor-Association Axis"
"precuneus","right","G1.fMRI_1",1.1492680311203,36,"Functional Hierarchy"
"precuneus","right","Evolution.Expansion",-0.313610285520554,16,"Evolutionary Expansion"
"rostralanteriorcingulate","right","AllometricScaling.PNC20mm",1.05475950241089,52,"Allometric Scaling"
"rostralanteriorcingulate","right","BigBrain.Histology",-0.202779516577721,12,"Externopyramidization"
"rostralanteriorcingulate","right","CBF",57.1209602355957,18,"Cerebral Blood Flow"
"rostralanteriorcingulate","right","Cortical.Thickness",3.16326832771301,65,"Cortical Thickness"
"rostralanteriorcingulate","right","PC1.AHBA",-1.95166504383087,5,"Gene Expression"
"rostralanteriorcingulate","right","PC1.Neurosynth",0.000952973670791835,53,"Neurosynth"
"rostralanteriorcingulate","right","PET.AG",-0.0955496802926064,26,"Aerobic Glycosis"
"rostralanteriorcingulate","right","T1T2ratio",1.1408189535141,3,"Anatomical Hierarchy"
"rostralanteriorcingulate","right","SensorimotorAssociation_Axis",51419.50390625,65,"Sensorimotor-Association Axis"
"rostralanteriorcingulate","right","G1.fMRI_1",3.83692526817322,55,"Functional Hierarchy"
"rostralanteriorcingulate","right","Evolution.Expansion",0.677290558815002,42,"Evolutionary Expansion"
"superiorfrontal","right","AllometricScaling.PNC20mm",1.10859334468842,56,"Allometric Scaling"
"superiorfrontal","right","BigBrain.Histology",-0.00473085977137089,37,"Externopyramidization"
"superiorfrontal","right","CBF",59.0297164916992,24,"Cerebral Blood Flow"
"superiorfrontal","right","Cortical.Thickness",2.8616464138031,50,"Cortical Thickness"
"superiorfrontal","right","PC1.AHBA",-0.419239372014999,21,"Gene Expression"
"superiorfrontal","right","PC1.Neurosynth",-0.00325062545016408,15,"Neurosynth"
"superiorfrontal","right","PET.AG",0.318053662776947,58,"Aerobic Glycosis"
"superiorfrontal","right","T1T2ratio",1.22127330303192,16,"Anatomical Hierarchy"
"superiorfrontal","right","SensorimotorAssociation_Axis",44392.8359375,50,"Sensorimotor-Association Axis"
"superiorfrontal","right","G1.fMRI_1",2.33073210716248,44,"Functional Hierarchy"
"superiorfrontal","right","Evolution.Expansion",0.749908089637756,43,"Evolutionary Expansion"
"superiorparietal","right","AllometricScaling.PNC20mm",1.05595552921295,53,"Allometric Scaling"
"superiorparietal","right","BigBrain.Histology",0.162090480327606,54,"Externopyramidization"
"superiorparietal","right","CBF",57.6621780395508,20,"Cerebral Blood Flow"
"superiorparietal","right","Cortical.Thickness",2.31357026100159,11,"Cortical Thickness"
"superiorparietal","right","PC1.AHBA",0.711402773857117,48,"Gene Expression"
"superiorparietal","right","PC1.Neurosynth",-0.005079276394099,10,"Neurosynth"
"superiorparietal","right","PET.AG",0.102922745049,46,"Aerobic Glycosis"
"superiorparietal","right","T1T2ratio",1.35864913463593,48,"Anatomical Hierarchy"
"superiorparietal","right","SensorimotorAssociation_Axis",16635.552734375,15,"Sensorimotor-Association Axis"
"superiorparietal","right","G1.fMRI_1",-3.38767576217651,15,"Functional Hierarchy"
"superiorparietal","right","Evolution.Expansion",0.364106386899948,32,"Evolutionary Expansion"
"frontalpole","right","AllometricScaling.PNC20mm",1.01047348976135,39,"Allometric Scaling"
"frontalpole","right","BigBrain.Histology",-0.257571578025818,10,"Externopyramidization"
"frontalpole","right","CBF",61.5406723022461,36,"Cerebral Blood Flow"
"frontalpole","right","Cortical.Thickness",2.70152974128723,32,"Cortical Thickness"
"frontalpole","right","PC1.AHBA",-0.983665704727173,12,"Gene Expression"
"frontalpole","right","PC1.Neurosynth",0.000521713227499276,49,"Neurosynth"
"frontalpole","right","PET.AG",0.297545701265335,56,"Aerobic Glycosis"
"frontalpole","right","T1T2ratio",1.21297252178192,14,"Anatomical Hierarchy"
"frontalpole","right","SensorimotorAssociation_Axis",50647.44921875,64,"Sensorimotor-Association Axis"
"frontalpole","right","G1.fMRI_1",6.32214641571045,67,"Functional Hierarchy"
"frontalpole","right","Evolution.Expansion",0.605836629867554,39,"Evolutionary Expansion"
"temporalpole","right","AllometricScaling.PNC20mm",0.612833559513092,2,"Allometric Scaling"
"temporalpole","right","BigBrain.Histology",-0.413401275873184,1,"Externopyramidization"
"temporalpole","right","CBF",4.3312783241272,1,"Cerebral Blood Flow"
"temporalpole","right","Cortical.Thickness",3.52064752578735,68,"Cortical Thickness"
"temporalpole","right","PC1.AHBA",-2.3122832775116,2,"Gene Expression"
"temporalpole","right","PC1.Neurosynth",0.000985923572443426,54,"Neurosynth"
"temporalpole","right","PET.AG",-0.414024263620377,9,"Aerobic Glycosis"
"temporalpole","right","T1T2ratio",1.09933567047119,2,"Anatomical Hierarchy"
"temporalpole","right","SensorimotorAssociation_Axis",40314.8359375,45,"Sensorimotor-Association Axis"
"temporalpole","right","G1.fMRI_1",4.56616735458374,60,"Functional Hierarchy"
"temporalpole","right","Evolution.Expansion",0.345024853944778,30,"Evolutionary Expansion"
"bankssts","right","AllometricScaling.PNC20mm",0.958366096019745,30,"Allometric Scaling"
"bankssts","right","BigBrain.Histology",0.162461936473846,55,"Externopyramidization"
"bankssts","right","CBF",69.6177215576172,58,"Cerebral Blood Flow"
"bankssts","right","Cortical.Thickness",2.8441150188446,47,"Cortical Thickness"
"bankssts","right","PC1.AHBA",0.124763779342175,37,"Gene Expression"
"bankssts","right","PC1.Neurosynth",-0.000573434052057564,27,"Neurosynth"
"bankssts","right","PET.AG",-0.187942340970039,21,"Aerobic Glycosis"
"bankssts","right","T1T2ratio",1.37051510810852,50,"Anatomical Hierarchy"
"bankssts","right","SensorimotorAssociation_Axis",31245.38671875,27,"Sensorimotor-Association Axis"
"bankssts","right","G1.fMRI_1",-0.224279403686523,29,"Functional Hierarchy"
"bankssts","right","Evolution.Expansion",1.31387996673584,59,"Evolutionary Expansion"
"caudalmiddlefrontal","right","AllometricScaling.PNC20mm",1.14023578166962,61,"Allometric Scaling"
"caudalmiddlefrontal","right","BigBrain.Histology",0.0717990025877953,47,"Externopyramidization"
"caudalmiddlefrontal","right","CBF",69.3074569702148,57,"Cerebral Blood Flow"
"caudalmiddlefrontal","right","Cortical.Thickness",2.73559260368347,40,"Cortical Thickness"
"caudalmiddlefrontal","right","PC1.AHBA",0.141809314489365,39,"Gene Expression"
"caudalmiddlefrontal","right","PC1.Neurosynth",-0.000790296355262399,26,"Neurosynth"
"caudalmiddlefrontal","right","PET.AG",0.553335726261139,67,"Aerobic Glycosis"
"caudalmiddlefrontal","right","T1T2ratio",1.29274308681488,33,"Anatomical Hierarchy"
"caudalmiddlefrontal","right","SensorimotorAssociation_Axis",46597.72265625,56,"Sensorimotor-Association Axis"
"caudalmiddlefrontal","right","G1.fMRI_1",3.54244303703308,54,"Functional Hierarchy"
"caudalmiddlefrontal","right","Evolution.Expansion",1.18112647533417,53,"Evolutionary Expansion"
"inferiorparietal","right","AllometricScaling.PNC20mm",1.15235030651093,64,"Allometric Scaling"
"inferiorparietal","right","BigBrain.Histology",0.0365540012717247,41,"Externopyramidization"
"inferiorparietal","right","CBF",66.0082092285156,51,"Cerebral Blood Flow"
"inferiorparietal","right","Cortical.Thickness",2.62967896461487,21,"Cortical Thickness"
"inferiorparietal","right","PC1.AHBA",0.488021343946457,44,"Gene Expression"
"inferiorparietal","right","PC1.Neurosynth",0.000216385102248751,41,"Neurosynth"
"inferiorparietal","right","PET.AG",0.0790986642241478,43,"Aerobic Glycosis"
"inferiorparietal","right","T1T2ratio",1.31521737575531,43,"Anatomical Hierarchy"
"inferiorparietal","right","SensorimotorAssociation_Axis",37754.7421875,41,"Sensorimotor-Association Axis"
"inferiorparietal","right","G1.fMRI_1",2.8578188419342,46,"Functional Hierarchy"
"inferiorparietal","right","Evolution.Expansion",0.96358859539032,49,"Evolutionary Expansion"
"inferiortemporal","right","AllometricScaling.PNC20mm",1.02171754837036,44,"Allometric Scaling"
"inferiortemporal","right","BigBrain.Histology",-0.191508114337921,13,"Externopyramidization"
"inferiortemporal","right","CBF",40.6444816589355,5,"Cerebral Blood Flow"
"inferiortemporal","right","Cortical.Thickness",2.9642608165741,59,"Cortical Thickness"
"inferiortemporal","right","PC1.AHBA",-0.74763685464859,16,"Gene Expression"
"inferiortemporal","right","PC1.Neurosynth",0.000360783509677276,44,"Neurosynth"
"inferiortemporal","right","PET.AG",-0.11421337723732,25,"Aerobic Glycosis"
"inferiortemporal","right","T1T2ratio",1.22526514530182,17,"Anatomical Hierarchy"
"inferiortemporal","right","SensorimotorAssociation_Axis",43730.421875,49,"Sensorimotor-Association Axis"
"inferiortemporal","right","G1.fMRI_1",1.30025267601013,38,"Functional Hierarchy"
"inferiortemporal","right","Evolution.Expansion",1.26954293251038,57,"Evolutionary Expansion"
"middletemporal","right","AllometricScaling.PNC20mm",1.07465779781342,55,"Allometric Scaling"
"middletemporal","right","BigBrain.Histology",-0.144999742507935,14,"Externopyramidization"
"middletemporal","right","CBF",61.8922576904297,39,"Cerebral Blood Flow"
"middletemporal","right","Cortical.Thickness",2.99633240699768,60,"Cortical Thickness"
"middletemporal","right","PC1.AHBA",-0.647687137126923,20,"Gene Expression"
"middletemporal","right","PC1.Neurosynth",0.000378582422854379,45,"Neurosynth"
"middletemporal","right","PET.AG",-0.0907212644815445,27,"Aerobic Glycosis"
"middletemporal","right","T1T2ratio",1.22983431816101,21,"Anatomical Hierarchy"
"middletemporal","right","SensorimotorAssociation_Axis",49166.078125,59,"Sensorimotor-Association Axis"
"middletemporal","right","G1.fMRI_1",4.21319437026978,57,"Functional Hierarchy"
"middletemporal","right","Evolution.Expansion",1.43634819984436,62,"Evolutionary Expansion"
"parsopercularis","right","AllometricScaling.PNC20mm",0.889889419078827,17,"Allometric Scaling"
"parsopercularis","right","BigBrain.Histology",0.0849194973707199,48,"Externopyramidization"
"parsopercularis","right","CBF",70.4918670654297,62,"Cerebral Blood Flow"
"parsopercularis","right","Cortical.Thickness",2.8268871307373,45,"Cortical Thickness"
"parsopercularis","right","PC1.AHBA",-0.259655147790909,29,"Gene Expression"
"parsopercularis","right","PC1.Neurosynth",-0.00347953196614981,13,"Neurosynth"
"parsopercularis","right","PET.AG",0.33655247092247,59,"Aerobic Glycosis"
"parsopercularis","right","T1T2ratio",1.25806248188019,27,"Anatomical Hierarchy"
"parsopercularis","right","SensorimotorAssociation_Axis",38244.41796875,42,"Sensorimotor-Association Axis"
"parsopercularis","right","G1.fMRI_1",0.469199925661087,31,"Functional Hierarchy"
"parsopercularis","right","Evolution.Expansion",0.763603091239929,45,"Evolutionary Expansion"
"parsorbitalis","right","AllometricScaling.PNC20mm",0.92647248506546,23,"Allometric Scaling"
"parsorbitalis","right","BigBrain.Histology",-0.0523747056722641,28,"Externopyramidization"
"parsorbitalis","right","CBF",73.2057647705078,65,"Cerebral Blood Flow"
"parsorbitalis","right","Cortical.Thickness",2.7731990814209,43,"Cortical Thickness"
"parsorbitalis","right","PC1.AHBA",-0.2546726167202,30,"Gene Expression"
"parsorbitalis","right","PC1.Neurosynth",0.000439490249846131,47,"Neurosynth"
"parsorbitalis","right","PET.AG",0.523979187011719,66,"Aerobic Glycosis"
"parsorbitalis","right","T1T2ratio",1.20423746109009,12,"Anatomical Hierarchy"
"parsorbitalis","right","SensorimotorAssociation_Axis",54585.3125,66,"Sensorimotor-Association Axis"
"parsorbitalis","right","G1.fMRI_1",5.84780550003052,66,"Functional Hierarchy"
"parsorbitalis","right","Evolution.Expansion",1.57224440574646,67,"Evolutionary Expansion"
"parstriangularis","right","AllometricScaling.PNC20mm",0.971153020858765,34,"Allometric Scaling"
"parstriangularis","right","BigBrain.Histology",-0.0409621708095074,30,"Externopyramidization"
"parstriangularis","right","CBF",70.4342041015625,61,"Cerebral Blood Flow"
"parstriangularis","right","Cortical.Thickness",2.68540525436401,29,"Cortical Thickness"
"parstriangularis","right","PC1.AHBA",-0.0442761108279228,35,"Gene Expression"
"parstriangularis","right","PC1.Neurosynth",6.60232717564213e-06,36,"Neurosynth"
"parstriangularis","right","PET.AG",0.416095614433289,62,"Aerobic Glycosis"
"parstriangularis","right","T1T2ratio",1.27209746837616,29,"Anatomical Hierarchy"
"parstriangularis","right","SensorimotorAssociation_Axis",45982.33203125,53,"Sensorimotor-Association Axis"
"parstriangularis","right","G1.fMRI_1",1.86083018779755,43,"Functional Hierarchy"
"parstriangularis","right","Evolution.Expansion",1.53847873210907,66,"Evolutionary Expansion"
"rostralmiddlefrontal","right","AllometricScaling.PNC20mm",1.15843820571899,65,"Allometric Scaling"
"rostralmiddlefrontal","right","BigBrain.Histology",-0.0284215733408928,32,"Externopyramidization"
"rostralmiddlefrontal","right","CBF",70.6792602539062,63,"Cerebral Blood Flow"
"rostralmiddlefrontal","right","Cortical.Thickness",2.56716799736023,16,"Cortical Thickness"
"rostralmiddlefrontal","right","PC1.AHBA",-0.144999668002129,32,"Gene Expression"
"rostralmiddlefrontal","right","PC1.Neurosynth",-0.000358434859663248,29,"Neurosynth"
"rostralmiddlefrontal","right","PET.AG",0.499995827674866,65,"Aerobic Glycosis"
"rostralmiddlefrontal","right","T1T2ratio",1.22738087177277,19,"Anatomical Hierarchy"
"rostralmiddlefrontal","right","SensorimotorAssociation_Axis",49856.6640625,61,"Sensorimotor-Association Axis"
"rostralmiddlefrontal","right","G1.fMRI_1",2.99796223640442,48,"Functional Hierarchy"
"rostralmiddlefrontal","right","Evolution.Expansion",1.21351325511932,55,"Evolutionary Expansion"
"superiortemporal","right","AllometricScaling.PNC20mm",0.853320062160492,12,"Allometric Scaling"
"superiortemporal","right","BigBrain.Histology",-0.0980997532606125,23,"Externopyramidization"
"superiortemporal","right","CBF",66.7101440429688,52,"Cerebral Blood Flow"
"superiortemporal","right","Cortical.Thickness",2.92923617362976,58,"Cortical Thickness"
"superiortemporal","right","PC1.AHBA",-0.379570931196213,25,"Gene Expression"
"superiortemporal","right","PC1.Neurosynth",-0.00112753408029675,23,"Neurosynth"
"superiortemporal","right","PET.AG",-0.351542472839355,14,"Aerobic Glycosis"
"superiortemporal","right","T1T2ratio",1.29348480701447,34,"Anatomical Hierarchy"
"superiortemporal","right","SensorimotorAssociation_Axis",33225.01171875,32,"Sensorimotor-Association Axis"
"superiortemporal","right","G1.fMRI_1",-1.35383021831512,25,"Functional Hierarchy"
"superiortemporal","right","Evolution.Expansion",1.08480048179626,52,"Evolutionary Expansion"
"supramarginal","right","AllometricScaling.PNC20mm",1.11647188663483,59,"Allometric Scaling"
"supramarginal","right","BigBrain.Histology",-0.00769751658663154,36,"Externopyramidization"
"supramarginal","right","CBF",61.8860626220703,38,"Cerebral Blood Flow"
"supramarginal","right","Cortical.Thickness",2.69150424003601,30,"Cortical Thickness"
"supramarginal","right","PC1.AHBA",0.347430318593979,41,"Gene Expression"
"supramarginal","right","PC1.Neurosynth",-0.00791505537927151,6,"Neurosynth"
"supramarginal","right","PET.AG",-0.11822060495615,23,"Aerobic Glycosis"
"supramarginal","right","T1T2ratio",1.29839420318604,36,"Anatomical Hierarchy"
"supramarginal","right","SensorimotorAssociation_Axis",29982.76171875,26,"Sensorimotor-Association Axis"
"supramarginal","right","G1.fMRI_1",-1.73107242584229,24,"Functional Hierarchy"
"supramarginal","right","Evolution.Expansion",1.38141894340515,61,"Evolutionary Expansion"
"transversetemporal","right","AllometricScaling.PNC20mm",0.989148259162903,37,"Allometric Scaling"
"transversetemporal","right","BigBrain.Histology",0.358827501535416,67,"Externopyramidization"
"transversetemporal","right","CBF",81.6940841674805,68,"Cerebral Blood Flow"
"transversetemporal","right","Cortical.Thickness",2.6834545135498,28,"Cortical Thickness"
"transversetemporal","right","PC1.AHBA",1.42866718769073,56,"Gene Expression"
"transversetemporal","right","PC1.Neurosynth",-0.00105541781522334,25,"Neurosynth"
"transversetemporal","right","PET.AG",-0.0205858033150434,37,"Aerobic Glycosis"
"transversetemporal","right","T1T2ratio",1.68508780002594,68,"Anatomical Hierarchy"
"transversetemporal","right","SensorimotorAssociation_Axis",17007.306640625,17,"Sensorimotor-Association Axis"
"transversetemporal","right","G1.fMRI_1",-3.74108409881592,13,"Functional Hierarchy"
"transversetemporal","right","Evolution.Expansion",0.254315167665482,23,"Evolutionary Expansion"
"insula","right","AllometricScaling.PNC20mm",1.02301895618439,46,"Allometric Scaling"
"insula","right","BigBrain.Histology",-0.103037714958191,21,"Externopyramidization"
"insula","right","CBF",61.2425193786621,34,"Cerebral Blood Flow"
"insula","right","Cortical.Thickness",3.10003733634949,61,"Cortical Thickness"
"insula","right","PC1.AHBA",-1.18606960773468,9,"Gene Expression"
"insula","right","PC1.Neurosynth",-0.0034443186596036,14,"Neurosynth"
"insula","right","PET.AG",-0.279938548803329,18,"Aerobic Glycosis"
"insula","right","T1T2ratio",1.25049734115601,26,"Anatomical Hierarchy"
"insula","right","SensorimotorAssociation_Axis",33239.3515625,33,"Sensorimotor-Association Axis"
"insula","right","G1.fMRI_1",-2.78674006462097,19,"Functional Hierarchy"
"insula","right","Evolution.Expansion",0.310130149126053,25,"Evolutionary Expansion"
